Workbook

Sheet Dashboard
A1: COHORT PERFORMANCE DASHBOARD
A3: Cohort Global Metrics
A4: Metric | B4: Value
A5: Total Classes Tracked | B5: 5
A6: Total Students Assessed | B6: =COUNTA('Class 12C'!B$6:B$6, 'Class 2A'!B$6:B$27, 'Class 2B'!B$6:B$25, 'Class 2C'!B$6:B$22, 'Class None'!B$6:B$10)
A7: Cohort Average Score | B7: =AVERAGE('Class 12C'!E$6:E$6, 'Class 2A'!E$6:E$27, 'Class 2B'!E$6:E$25, 'Class 2C'!E$6:E$22, 'Class None'!E$6:E$10)
A8: Cohort Median Score | B8: =MEDIAN('Class 12C'!E$6:E$6, 'Class 2A'!E$6:E$27, 'Class 2B'!E$6:E$25, 'Class 2C'!E$6:E$22, 'Class None'!E$6:E$10)
A9: Highest Individual Score | B9: =MAX('Class 12C'!E$6:E$6, 'Class 2A'!E$6:E$27, 'Class 2B'!E$6:E$25, 'Class 2C'!E$6:E$22, 'Class None'!E$6:E$10)
A10: Lowest Individual Score | B10: =MIN('Class 12C'!E$6:E$6, 'Class 2A'!E$6:E$27, 'Class 2B'!E$6:E$25, 'Class 2C'!E$6:E$22, 'Class None'!E$6:E$10)
A11: Overall Pass Rate (>=50%) | B11: =AVERAGE('Class 12C'!H$7, 'Class 2A'!H$28, 'Class 2B'!H$26, 'Class 2C'!H$23, 'Class None'!H$11)
A13: Class Comparison Breakdown
A14: Class | B14: Registered Students | C14: Class Average | D14: Highest Score | E14: Pass Rate
A15: 12C | B15: =COUNTA('Class 12C'!B$6:B$6) | C15: ='Class 12C'!E$7 | D15: =MAX('Class 12C'!E$6:E$6) | E15: ='Class 12C'!H$7
A16: 2A | B16: =COUNTA('Class 2A'!B$6:B$27) | C16: ='Class 2A'!E$28 | D16: =MAX('Class 2A'!E$6:E$27) | E16: ='Class 2A'!H$28
A17: 2B | B17: =COUNTA('Class 2B'!B$6:B$25) | C17: ='Class 2B'!E$26 | D17: =MAX('Class 2B'!E$6:E$25) | E17: ='Class 2B'!H$26
A18: 2C | B18: =COUNTA('Class 2C'!B$6:B$22) | C18: ='Class 2C'!E$23 | D18: =MAX('Class 2C'!E$6:E$22) | E18: ='Class 2C'!H$23
A19: None | B19: =COUNTA('Class None'!B$6:B$10) | C19: ='Class None'!E$11 | D19: =MAX('Class None'!E$6:E$10) | E19: ='Class None'!H$11

Sheet Class 12C
A1: Student Performance Roster - Class 12C
A4: Class | B4: Class Number | C4: Reg. Number | D4: Subject Code | E4: Score | F4: Total | G4: Percentage | H4: Class Rank | I4: Q1 | J4: Q2 | K4: Q3 | L4: Q4 | M4: Q5 | N4: Q6 | O4: Q7 | P4: Q8 | Q4: Q9 | R4: Q10
A5: KEY | B5: - | C5: - | D5: - | E5: - | F5: - | G5: - | H5: - | I5: C | J5: A | K5: C | L5: D | M5: B | N5: B | O5: B | P5: A | Q5: D | R5: D
A6: 12C | B6: 011 | C6: None | D6: None | E6: 3 | F6: 10 | G6: =E6/F6 | H6: =RANK(E6, E$6:E$6) | I6: C | J6: A | K6: B | L6: C | M6: D | N6: B | O6: C | P6: B | Q6: B | R6: B
A7: Class Average | E7: =AVERAGE(E6:E6) | G7: =AVERAGE(G6:G6) | H7: =COUNTIF(G6:G6,">=50%")/COUNT(G6:G6)

Sheet Class 2A
A1: Student Performance Roster - Class 2A
A4: Class | B4: Class Number | C4: Reg. Number | D4: Subject Code | E4: Score | F4: Total | G4: Percentage | H4: Class Rank | I4: Q1 | J4: Q2 | K4: Q3 | L4: Q4 | M4: Q5 | N4: Q6 | O4: Q7 | P4: Q8 | Q4: Q9 | R4: Q10
A5: KEY | B5: - | C5: - | D5: - | E5: - | F5: - | G5: - | H5: - | I5: C | J5: A | K5: C | L5: D | M5: B | N5: B | O5: B | P5: A | Q5: D | R5: D
A6: 2A | B6: 01 | C6: None | D6: None | E6: 10 | F6: 10 | G6: =E6/F6 | H6: =RANK(E6, E$6:E$27) | I6: C | J6: A | K6: C | L6: D | M6: B | N6: B | O6: B | P6: A | Q6: D | R6: D
A7: 2A | B7: 02 | C7: None | D7: None | E7: 9 | F7: 10 | G7: =E7/F7 | H7: =RANK(E7, E$6:E$27) | I7: C | J7: A | K7: C | L7: D | M7: B | N7: B | O7: B | P7: A | Q7: D | R7: B
A8: 2A | B8: 03 | C8: None | D8: None | E8: 9 | F8: 10 | G8: =E8/F8 | H8: =RANK(E8, E$6:E$27) | I8: C | J8: A | K8: C | L8: D | M8: A | N8: B | O8: B | P8: A | Q8: D | R8: D
A9: 2A | B9: 04 | C9: None | D9: None | E9: 4 | F9: 10 | G9: =E9/F9 | H9: =RANK(E9, E$6:E$27) | I9: A | J9: A | K9: A | L9: A | M9: A | N9: D | O9: B | P9: A | Q9: D | R9: C
A10: 2A | B10: 05 | C10: None | D10: None | E10: 7 | F10: 10 | G10: =E10/F10 | H10: =RANK(E10, E$6:E$27) | I10: C | J10: A | K10: C | L10: D | M10: B | N10: C | O10: B | P10: A | Q10: A | R10: C
A11: 2A | B11: 06 | C11: None | D11: None | E11: 10 | F11: 10 | G11: =E11/F11 | H11: =RANK(E11, E$6:E$27) | I11: C | J11: A | K11: C | L11: D | M11: B | N11: B | O11: B | P11: A | Q11: D | R11: D
A12: 2A | B12: 07 | C12: None | D12: None | E12: 8 | F12: 10 | G12: =E12/F12 | H12: =RANK(E12, E$6:E$27) | I12: C | J12: A | K12: C | L12: D | M12: BLANK | N12: B | O12: B | P12: A | Q12: A | R12: D
A13: 2A | B13: 08 | C13: None | D13: None | E13: 5 | F13: 10 | G13: =E13/F13 | H13: =RANK(E13, E$6:E$27) | I13: C | J13: A | K13: B | L13: A | M13: C | N13: A | O13: B | P13: A | Q13: C | R13: D
A14: 2A | B14: 09 | C14: None | D14: None | E14: 5 | F14: 10 | G14: =E14/F14 | H14: =RANK(E14, E$6:E$27) | I14: D | J14: A | K14: C | L14: A | M14: A | N14: B | O14: B | P14: C | Q14: B | R14: D
A15: 2A | B15: 1 | C15: None | D15: None | E15: 7 | F15: 10 | G15: =E15/F15 | H15: =RANK(E15, E$6:E$27) | I15: C | J15: A | K15: C | L15: A | M15: C | N15: B | O15: B | P15: C | Q15: D | R15: D
A16: 2A | B16: 10 | C16: None | D16: None | E16: 2 | F16: 10 | G16: =E16/F16 | H16: =RANK(E16, E$6:E$27) | I16: B | J16: D | K16: A | L16: B | M16: B | N16: B | O16: D | P16: C | Q16: C | R16: B
A17: 2A | B17: 12 | C17: None | D17: None | E17: 10 | F17: 10 | G17: =E17/F17 | H17: =RANK(E17, E$6:E$27) | I17: C | J17: A | K17: C | L17: D | M17: B | N17: B | O17: B | P17: A | Q17: D | R17: D
... A27: 2A | B27: 23 | C27: None | D27: None | E27: 8 | F27: 10 | G27: =E27/F27 | H27: =RANK(E27, E$6:E$27) | I27: C | J27: A | K27: C | L27: D | M27: B | N27: B | O27: AMBIG | P27: A | Q27: A | R27: D
A28: Class Average | E28: =AVERAGE(E6:E27) | G28: =AVERAGE(G6:G27) | H28: =COUNTIF(G6:G27,">=50%")/COUNT(G6:G27)

Sheet Class 2B
A1: Student Performance Roster - Class 2B
A4: Class | B4: Class Number | C4: Reg. Number | D4: Subject Code | E4: Score | F4: Total | G4: Percentage | H4: Class Rank | I4: Q1 | J4: Q2 | K4: Q3 | L4: Q4 | M4: Q5 | N4: Q6 | O4: Q7 | P4: Q8 | Q4: Q9 | R4: Q10
A5: KEY | B5: - | C5: - | D5: - | E5: - | F5: - | G5: - | H5: - | I5: C | J5: A | K5: C | L5: D | M5: B | N5: B | O5: B | P5: A | Q5: D | R5: D
A6: 2B | B6: 01 | C6: None | D6: None | E6: 2 | F6: 10 | G6: =E6/F6 | H6: =RANK(E6, E$6:E$25) | I6: B | J6: A | K6: A | L6: A | M6: C | N6: A | O6: A | P6: C | Q6: C | R6: D
A7: 2B | B7: 02 | C7: None | D7: None | E7: 3 | F7: 10 | G7: =E7/F7 | H7: =RANK(E7, E$6:E$25) | I7: D | J7: C | K7: B | L7: D | M7: A | N7: B | O7: A | P7: C | Q7: C | R7: D
A8: 2B | B8: 03 | C8: None | D8: None | E8: 4 | F8: 10 | G8: =E8/F8 | H8: =RANK(E8, E$6:E$25) | I8: B | J8: A | K8: C | L8: A | M8: D | N8: B | O8: B | P8: C | Q8: A | R8: B
A9: 2B | B9: 04 | C9: None | D9: None | E9: 3 | F9: 10 | G9: =E9/F9 | H9: =RANK(E9, E$6:E$25) | I9: A | J9: A | K9: C | L9: A | M9: A | N9: C | O9: B | P9: D | Q9: B | R9: B
A10: 2B | B10: 05 | C10: None | D10: None | E10: 2 | F10: 10 | G10: =E10/F10 | H10: =RANK(E10, E$6:E$25) | I10: C | J10: B | K10: D | L10: A | M10: C | N10: A | O10: B | P10: C | Q10: C | R10: B
A11: 2B | B11: 06 | C11: None | D11: None | E11: 4 | F11: 10 | G11: =E11/F11 | H11: =RANK(E11, E$6:E$25) | I11: C | J11: A | K11: C | L11: B | M11: C | N11: B | O11: A | P11: D | Q11: C | R11: A
A12: 2B | B12: 07 | C12: None | D12: None | E12: 4 | F12: 10 | G12: =E12/F12 | H12: =RANK(E12, E$6:E$25) | I12: D | J12: A | K12: A | L12: D | M12: A | N12: B | O12: C | P12: A | Q12: B | R12: C
A13: 2B | B13: 08 | C13: None | D13: None | E13: 4 | F13: 10 | G13: =E13/F13 | H13: =RANK(E13, E$6:E$25) | I13: C | J13: A | K13: C | L13: AMBIG | M13: C | N13: A | O13: B | P13: AMBIG | Q13: A | R13: B
A14: 2B | B14: 09 | C14: None | D14: None | E14: 7 | F14: 10 | G14: =E14/F14 | H14: =RANK(E14, E$6:E$25) | I14: C | J14: A | K14: B | L14: D | M14: BLANK | N14: B | O14: B | P14: A | Q14: B | R14: D
A15: 2B | B15: 1 | C15: None | D15: None | E15: 6 | F15: 10 | G15: =E15/F15 | H15: =RANK(E15, E$6:E$25) | I15: C | J15: A | K15: B | L15: D | M15: A | N15: B | O15: B | P15: A | Q15: B | R15: B
A16: 2B | B16: 12 | C16: None | D16: None | E16: 7 | F16: 10 | G16: =E16/F16 | H16: =RANK(E16, E$6:E$25) | I16: C | J16: A | K16: C | L16: D | M16: C | N16: B | O16: B | P16: A | Q16: C | R16: A
A17: 2B | B17: 13 | C17: None | D17: None | E17: 3 | F17: 10 | G17: =E17/F17 | H17: =RANK(E17, E$6:E$25) | I17: C | J17: B | K17: B | L17: B | M17: C | N17: C | O17: D | P17: A | Q17: C | R17: D
... A25: 2B | B25: 22 | C25: None | D25: None | E25: 5 | F25: 10 | G25: =E25/F25 | H25: =RANK(E25, E$6:E$25) | I25: D | J25: A | K25: C | L25: D | M25: C | N25: C | O25: B | P25: C | Q25: C | R25: D
A26: Class Average | E26: =AVERAGE(E6:E25) | G26: =AVERAGE(G6:G25) | H26: =COUNTIF(G6:G25,">=50%")/COUNT(G6:G25)

Sheet Class 2C
A1: Student Performance Roster - Class 2C
A4: Class | B4: Class Number | C4: Reg. Number | D4: Subject Code | E4: Score | F4: Total | G4: Percentage | H4: Class Rank | I4: Q1 | J4: Q2 | K4: Q3 | L4: Q4 | M4: Q5 | N4: Q6 | O4: Q7 | P4: Q8 | Q4: Q9 | R4: Q10
A5: KEY | B5: - | C5: - | D5: - | E5: - | F5: - | G5: - | H5: - | I5: C | J5: A | K5: C | L5: D | M5: B | N5: B | O5: B | P5: A | Q5: D | R5: D
A6: 2C | B6: 0 | C6: None | D6: None | E6: 1 | F6: 10 | G6: =E6/F6 | H6: =RANK(E6, E$6:E$22) | I6: B | J6: C | K6: B | L6: A | M6: A | N6: D | O6: D | P6: A | Q6: C | R6: A
A7: 2C | B7: 005 | C7: None | D7: None | E7: 3 | F7: 10 | G7: =E7/F7 | H7: =RANK(E7, E$6:E$22) | I7: A | J7: B | K7: BLANK | L7: A | M7: C | N7: C | O7: B | P7: A | Q7: C | R7: D
A8: 2C | B8: 02 | C8: None | D8: None | E8: 6 | F8: 10 | G8: =E8/F8 | H8: =RANK(E8, E$6:E$22) | I8: C | J8: A | K8: B | L8: D | M8: B | N8: C | O8: B | P8: C | Q8: D | R8: A
A9: 2C | B9: 03 | C9: None | D9: None | E9: 3 | F9: 10 | G9: =E9/F9 | H9: =RANK(E9, E$6:E$22) | I9: C | J9: D | K9: B | L9: B | M9: D | N9: B | O9: A | P9: C | Q9: D | R9: BLANK
A10: 2C | B10: 04 | C10: None | D10: None | E10: 6 | F10: 10 | G10: =E10/F10 | H10: =RANK(E10, E$6:E$22) | I10: A | J10: A | K10: C | L10: D | M10: C | N10: C | O10: B | P10: A | Q10: C | R10: D
A11: 2C | B11: 06 | C11: None | D11: None | E11: 3 | F11: 10 | G11: =E11/F11 | H11: =RANK(E11, E$6:E$22) | I11: A | J11: BLANK | K11: A | L11: A | M11: D | N11: B | O11: C | P11: A | Q11: D | R11: A
A12: 2C | B12: 07 | C12: None | D12: None | E12: 4 | F12: 10 | G12: =E12/F12 | H12: =RANK(E12, E$6:E$22) | I12: C | J12: A | K12: C | L12: C | M12: B | N12: D | O12: AMBIG | P12: C | Q12: C | R12: B
A13: 2C | B13: 08 | C13: None | D13: None | E13: 1 | F13: 10 | G13: =E13/F13 | H13: =RANK(E13, E$6:E$22) | I13: A | J13: A | K13: B | L13: C | M13: D | N13: A | O13: C | P13: D | Q13: B | R13: C
A14: 2C | B14: 10 | C14: None | D14: None | E14: 3 | F14: 10 | G14: =E14/F14 | H14: =RANK(E14, E$6:E$22) | I14: C | J14: B | K14: C | L14: A | M14: D | N14: B | O14: BLANK | P14: BLANK | Q14: BLANK | R14: BLANK
A15: 2C | B15: 11 | C15: None | D15: None | E15: 4 | F15: 10 | G15: =E15/F15 | H15: =RANK(E15, E$6:E$22) | I15: A | J15: A | K15: B | L15: D | M15: A | N15: B | O15: D | P15: A | Q15: A | R15: B
A16: 2C | B16: 12 | C16: None | D16: None | E16: 2 | F16: 10 | G16: =E16/F16 | H16: =RANK(E16, E$6:E$22) | I16: D | J16: A | K16: C | L16: B | M16: C | N16: C | O16: A | P16: C | Q16: B | R16: C
A17: 2C | B17: 13 | C17: None | D17: None | E17: 6 | F17: 10 | G17: =E17/F17 | H17: =RANK(E17, E$6:E$22) | I17: C | J17: A | K17: C | L17: D | M17: D | N17: B | O17: B | P17: C | Q17: C | R17: A
... A22: 2C | B22: 20 | C22: None | D22: None | E22: 5 | F22: 10 | G22: =E22/F22 | H22: =RANK(E22, E$6:E$22) | I22: C | J22: A | K22: C | L22: B | M22: C | N22: B | O22: B | P22: D | Q22: C | R22: A
A23: Class Average | E23: =AVERAGE(E6:E22) | G23: =AVERAGE(G6:G22) | H23: =COUNTIF(G6:G22,">=50%")/COUNT(G6:G22)

Sheet Class None
A1: Student Performance Roster - Class None
A4: Class | B4: Class Number | C4: Reg. Number | D4: Subject Code | E4: Score | F4: Total | G4: Percentage | H4: Class Rank | I4: Q1 | J4: Q2 | K4: Q3 | L4: Q4 | M4: Q5 | N4: Q6 | O4: Q7 | P4: Q8 | Q4: Q9 | R4: Q10
A5: KEY | B5: - | C5: - | D5: - | E5: - | F5: - | G5: - | H5: - | I5: C | J5: A | K5: C | L5: D | M5: B | N5: B | O5: B | P5: A | Q5: D | R5: D
A6: None | B6: None | C6: None | D6: None | E6: 0 | F6: 10 | G6: =E6/F6 | H6: =RANK(E6, E$6:E$10) | I6: BLANK | J6: BLANK | K6: BLANK | L6: BLANK | M6: BLANK | N6: BLANK | O6: BLANK | P6: BLANK | Q6: BLANK | R6: BLANK
A7: None | B7: None | C7: None | D7: None | E7: 0 | F7: 10 | G7: =E7/F7 | H7: =RANK(E7, E$6:E$10) | I7: BLANK | J7: BLANK | K7: BLANK | L7: BLANK | M7: BLANK | N7: BLANK | O7: BLANK | P7: BLANK | Q7: BLANK | R7: BLANK
A8: None | B8: None | C8: None | D8: None | E8: 0 | F8: 10 | G8: =E8/F8 | H8: =RANK(E8, E$6:E$10) | I8: BLANK | J8: BLANK | K8: BLANK | L8: BLANK | M8: BLANK | N8: BLANK | O8: BLANK | P8: BLANK | Q8: BLANK | R8: BLANK
A9: None | B9: None | C9: None | D9: None | E9: 0 | F9: 10 | G9: =E9/F9 | H9: =RANK(E9, E$6:E$10) | I9: BLANK | J9: BLANK | K9: BLANK | L9: BLANK | M9: BLANK | N9: BLANK | O9: BLANK | P9: BLANK | Q9: BLANK | R9: BLANK
A10: None | B10: None | C10: None | D10: None | E10: 0 | F10: 10 | G10: =E10/F10 | H10: =RANK(E10, E$6:E$10) | I10: BLANK | J10: BLANK | K10: BLANK | L10: BLANK | M10: BLANK | N10: BLANK | O10: BLANK | P10: BLANK | Q10: BLANK | R10: BLANK
A11: Class Average | E11: =AVERAGE(E6:E10) | G11: =AVERAGE(G6:G10) | H11: =COUNTIF(G6:G10,">=50%")/COUNT(G6:G10)

Sheet Item Analysis
A1: Cohort Item Analysis & Question Diagnostic
A3: Question | B3: Expected Answer | C3: Correct Count | D3: Incorrect Count | E3: Blank Count | F3: Ambiguous Count | G3: Success Rate
A4: Q1 | B4: C | C4: =COUNTIF('Class 12C'!I$6:I$6, "C") + COUNTIF('Class 2A'!I$6:I$27, "C") + COUNTIF('Class 2B'!I$6:I$25, "C") + COUNTIF('Class 2C'!I$6:I$22, "C") + COUNTIF('Class None'!I$6:I$10, "C") | D4: =(COUNTA('Class 12C'!B$6:B$6) + COUNTA('Class 2A'!B$6:B$27) + COUNTA('Class 2B'!B$6:B$25) + COUNTA('Class 2C'!B$6:B$22) + COUNTA('Class None'!B$6:B$10)) - C4 - E4 - F4 | E4: =COUNTIF('Class 12C'!I$6:I$6, "BLANK") + COUNTIF('Class 2A'!I$6:I$27, "BLANK") + COUNTIF('Class 2B'!I$6:I$25, "BLANK") + COUNTIF('Class 2C'!I$6:I$22, "BLANK") + COUNTIF('Class None'!I$6:I$10, "BLANK") | F4: =COUNTIF('Class 12C'!I$6:I$6, "AMBIG") + COUNTIF('Class 2A'!I$6:I$27, "AMBIG") + COUNTIF('Class 2B'!I$6:I$25, "AMBIG") + COUNTIF('Class 2C'!I$6:I$22, "AMBIG") + COUNTIF('Class None'!I$6:I$10, "AMBIG") | G4: =C4/(COUNTA('Class 12C'!B$6:B$6) + COUNTA('Class 2A'!B$6:B$27) + COUNTA('Class 2B'!B$6:B$25) + COUNTA('Class 2C'!B$6:B$22) + COUNTA('Class None'!B$6:B$10))
A5: Q2 | B5: A | C5: =COUNTIF('Class 12C'!J$6:J$6, "A") + COUNTIF('Class 2A'!J$6:J$27, "A") + COUNTIF('Class 2B'!J$6:J$25, "A") + COUNTIF('Class 2C'!J$6:J$22, "A") + COUNTIF('Class None'!J$6:J$10, "A") | D5: =(COUNTA('Class 12C'!B$6:B$6) + COUNTA('Class 2A'!B$6:B$27) + COUNTA('Class 2B'!B$6:B$25) + COUNTA('Class 2C'!B$6:B$22) + COUNTA('Class None'!B$6:B$10)) - C5 - E5 - F5 | E5: =COUNTIF('Class 12C'!J$6:J$6, "BLANK") + COUNTIF('Class 2A'!J$6:J$27, "BLANK") + COUNTIF('Class 2B'!J$6:J$25, "BLANK") + COUNTIF('Class 2C'!J$6:J$22, "BLANK") + COUNTIF('Class None'!J$6:J$10, "BLANK") | F5: =COUNTIF('Class 12C'!J$6:J$6, "AMBIG") + COUNTIF('Class 2A'!J$6:J$27, "AMBIG") + COUNTIF('Class 2B'!J$6:J$25, "AMBIG") + COUNTIF('Class 2C'!J$6:J$22, "AMBIG") + COUNTIF('Class None'!J$6:J$10, "AMBIG") | G5: =C5/(COUNTA('Class 12C'!B$6:B$6) + COUNTA('Class 2A'!B$6:B$27) + COUNTA('Class 2B'!B$6:B$25) + COUNTA('Class 2C'!B$6:B$22) + COUNTA('Class None'!B$6:B$10))
A6: Q3 | B6: C | C6: =COUNTIF('Class 12C'!K$6:K$6, "C") + COUNTIF('Class 2A'!K$6:K$27, "C") + COUNTIF('Class 2B'!K$6:K$25, "C") + COUNTIF('Class 2C'!K$6:K$22, "C") + COUNTIF('Class None'!K$6:K$10, "C") | D6: =(COUNTA('Class 12C'!B$6:B$6) + COUNTA('Class 2A'!B$6:B$27) + COUNTA('Class 2B'!B$6:B$25) + COUNTA('Class 2C'!B$6:B$22) + COUNTA('Class None'!B$6:B$10)) - C6 - E6 - F6 | E6: =COUNTIF('Class 12C'!K$6:K$6, "BLANK") + COUNTIF('Class 2A'!K$6:K$27, "BLANK") + COUNTIF('Class 2B'!K$6:K$25, "BLANK") + COUNTIF('Class 2C'!K$6:K$22, "BLANK") + COUNTIF('Class None'!K$6:K$10, "BLANK") | F6: =COUNTIF('Class 12C'!K$6:K$6, "AMBIG") + COUNTIF('Class 2A'!K$6:K$27, "AMBIG") + COUNTIF('Class 2B'!K$6:K$25, "AMBIG") + COUNTIF('Class 2C'!K$6:K$22, "AMBIG") + COUNTIF('Class None'!K$6:K$10, "AMBIG") | G6: =C6/(COUNTA('Class 12C'!B$6:B$6) + COUNTA('Class 2A'!B$6:B$27) + COUNTA('Class 2B'!B$6:B$25) + COUNTA('Class 2C'!B$6:B$22) + COUNTA('Class None'!B$6:B$10))
A7: Q4 | B7: D | C7: =COUNTIF('Class 12C'!L$6:L$6, "D") + COUNTIF('Class 2A'!L$6:L$27, "D") + COUNTIF('Class 2B'!L$6:L$25, "D") + COUNTIF('Class 2C'!L$6:L$22, "D") + COUNTIF('Class None'!L$6:L$10, "D") | D7: =(COUNTA('Class 12C'!B$6:B$6) + COUNTA('Class 2A'!B$6:B$27) + COUNTA('Class 2B'!B$6:B$25) + COUNTA('Class 2C'!B$6:B$22) + COUNTA('Class None'!B$6:B$10)) - C7 - E7 - F7 | E7: =COUNTIF('Class 12C'!L$6:L$6, "BLANK") + COUNTIF('Class 2A'!L$6:L$27, "BLANK") + COUNTIF('Class 2B'!L$6:L$25, "BLANK") + COUNTIF('Class 2C'!L$6:L$22, "BLANK") + COUNTIF('Class None'!L$6:L$10, "BLANK") | F7: =COUNTIF('Class 12C'!L$6:L$6, "AMBIG") + COUNTIF('Class 2A'!L$6:L$27, "AMBIG") + COUNTIF('Class 2B'!L$6:L$25, "AMBIG") + COUNTIF('Class 2C'!L$6:L$22, "AMBIG") + COUNTIF('Class None'!L$6:L$10, "AMBIG") | G7: =C7/(COUNTA('Class 12C'!B$6:B$6) + COUNTA('Class 2A'!B$6:B$27) + COUNTA('Class 2B'!B$6:B$25) + COUNTA('Class 2C'!B$6:B$22) + COUNTA('Class None'!B$6:B$10))
A8: Q5 | B8: B | C8: =COUNTIF('Class 12C'!M$6:M$6, "B") + COUNTIF('Class 2A'!M$6:M$27, "B") + COUNTIF('Class 2B'!M$6:M$25, "B") + COUNTIF('Class 2C'!M$6:M$22, "B") + COUNTIF('Class None'!M$6:M$10, "B") | D8: =(COUNTA('Class 12C'!B$6:B$6) + COUNTA('Class 2A'!B$6:B$27) + COUNTA('Class 2B'!B$6:B$25) + COUNTA('Class 2C'!B$6:B$22) + COUNTA('Class None'!B$6:B$10)) - C8 - E8 - F8 | E8: =COUNTIF('Class 12C'!M$6:M$6, "BLANK") + COUNTIF('Class 2A'!M$6:M$27, "BLANK") + COUNTIF('Class 2B'!M$6:M$25, "BLANK") + COUNTIF('Class 2C'!M$6:M$22, "BLANK") + COUNTIF('Class None'!M$6:M$10, "BLANK") | F8: =COUNTIF('Class 12C'!M$6:M$6, "AMBIG") + COUNTIF('Class 2A'!M$6:M$27, "AMBIG") + COUNTIF('Class 2B'!M$6:M$25, "AMBIG") + COUNTIF('Class 2C'!M$6:M$22, "AMBIG") + COUNTIF('Class None'!M$6:M$10, "AMBIG") | G8: =C8/(COUNTA('Class 12C'!B$6:B$6) + COUNTA('Class 2A'!B$6:B$27) + COUNTA('Class 2B'!B$6:B$25) + COUNTA('Class 2C'!B$6:B$22) + COUNTA('Class None'!B$6:B$10))
A9: Q6 | B9: B | C9: =COUNTIF('Class 12C'!N$6:N$6, "B") + COUNTIF('Class 2A'!N$6:N$27, "B") + COUNTIF('Class 2B'!N$6:N$25, "B") + COUNTIF('Class 2C'!N$6:N$22, "B") + COUNTIF('Class None'!N$6:N$10, "B") | D9: =(COUNTA('Class 12C'!B$6:B$6) + COUNTA('Class 2A'!B$6:B$27) + COUNTA('Class 2B'!B$6:B$25) + COUNTA('Class 2C'!B$6:B$22) + COUNTA('Class None'!B$6:B$10)) - C9 - E9 - F9 | E9: =COUNTIF('Class 12C'!N$6:N$6, "BLANK") + COUNTIF('Class 2A'!N$6:N$27, "BLANK") + COUNTIF('Class 2B'!N$6:N$25, "BLANK") + COUNTIF('Class 2C'!N$6:N$22, "BLANK") + COUNTIF('Class None'!N$6:N$10, "BLANK") | F9: =COUNTIF('Class 12C'!N$6:N$6, "AMBIG") + COUNTIF('Class 2A'!N$6:N$27, "AMBIG") + COUNTIF('Class 2B'!N$6:N$25, "AMBIG") + COUNTIF('Class 2C'!N$6:N$22, "AMBIG") + COUNTIF('Class None'!N$6:N$10, "AMBIG") | G9: =C9/(COUNTA('Class 12C'!B$6:B$6) + COUNTA('Class 2A'!B$6:B$27) + COUNTA('Class 2B'!B$6:B$25) + COUNTA('Class 2C'!B$6:B$22) + COUNTA('Class None'!B$6:B$10))
A10: Q7 | B10: B | C10: =COUNTIF('Class 12C'!O$6:O$6, "B") + COUNTIF('Class 2A'!O$6:O$27, "B") + COUNTIF('Class 2B'!O$6:O$25, "B") + COUNTIF('Class 2C'!O$6:O$22, "B") + COUNTIF('Class None'!O$6:O$10, "B") | D10: =(COUNTA('Class 12C'!B$6:B$6) + COUNTA('Class 2A'!B$6:B$27) + COUNTA('Class 2B'!B$6:B$25) + COUNTA('Class 2C'!B$6:B$22) + COUNTA('Class None'!B$6:B$10)) - C10 - E10 - F10 | E10: =COUNTIF('Class 12C'!O$6:O$6, "BLANK") + COUNTIF('Class 2A'!O$6:O$27, "BLANK") + COUNTIF('Class 2B'!O$6:O$25, "BLANK") + COUNTIF('Class 2C'!O$6:O$22, "BLANK") + COUNTIF('Class None'!O$6:O$10, "BLANK") | F10: =COUNTIF('Class 12C'!O$6:O$6, "AMBIG") + COUNTIF('Class 2A'!O$6:O$27, "AMBIG") + COUNTIF('Class 2B'!O$6:O$25, "AMBIG") + COUNTIF('Class 2C'!O$6:O$22, "AMBIG") + COUNTIF('Class None'!O$6:O$10, "AMBIG") | G10: =C10/(COUNTA('Class 12C'!B$6:B$6) + COUNTA('Class 2A'!B$6:B$27) + COUNTA('Class 2B'!B$6:B$25) + COUNTA('Class 2C'!B$6:B$22) + COUNTA('Class None'!B$6:B$10))
A11: Q8 | B11: A | C11: =COUNTIF('Class 12C'!P$6:P$6, "A") + COUNTIF('Class 2A'!P$6:P$27, "A") + COUNTIF('Class 2B'!P$6:P$25, "A") + COUNTIF('Class 2C'!P$6:P$22, "A") + COUNTIF('Class None'!P$6:P$10, "A") | D11: =(COUNTA('Class 12C'!B$6:B$6) + COUNTA('Class 2A'!B$6:B$27) + COUNTA('Class 2B'!B$6:B$25) + COUNTA('Class 2C'!B$6:B$22) + COUNTA('Class None'!B$6:B$10)) - C11 - E11 - F11 | E11: =COUNTIF('Class 12C'!P$6:P$6, "BLANK") + COUNTIF('Class 2A'!P$6:P$27, "BLANK") + COUNTIF('Class 2B'!P$6:P$25, "BLANK") + COUNTIF('Class 2C'!P$6:P$22, "BLANK") + COUNTIF('Class None'!P$6:P$10, "BLANK") | F11: =COUNTIF('Class 12C'!P$6:P$6, "AMBIG") + COUNTIF('Class 2A'!P$6:P$27, "AMBIG") + COUNTIF('Class 2B'!P$6:P$25, "AMBIG") + COUNTIF('Class 2C'!P$6:P$22, "AMBIG") + COUNTIF('Class None'!P$6:P$10, "AMBIG") | G11: =C11/(COUNTA('Class 12C'!B$6:B$6) + COUNTA('Class 2A'!B$6:B$27) + COUNTA('Class 2B'!B$6:B$25) + COUNTA('Class 2C'!B$6:B$22) + COUNTA('Class None'!B$6:B$10))
A12: Q9 | B12: D | C12: =COUNTIF('Class 12C'!Q$6:Q$6, "D") + COUNTIF('Class 2A'!Q$6:Q$27, "D") + COUNTIF('Class 2B'!Q$6:Q$25, "D") + COUNTIF('Class 2C'!Q$6:Q$22, "D") + COUNTIF('Class None'!Q$6:Q$10, "D") | D12: =(COUNTA('Class 12C'!B$6:B$6) + COUNTA('Class 2A'!B$6:B$27) + COUNTA('Class 2B'!B$6:B$25) + COUNTA('Class 2C'!B$6:B$22) + COUNTA('Class None'!B$6:B$10)) - C12 - E12 - F12 | E12: =COUNTIF('Class 12C'!Q$6:Q$6, "BLANK") + COUNTIF('Class 2A'!Q$6:Q$27, "BLANK") + COUNTIF('Class 2B'!Q$6:Q$25, "BLANK") + COUNTIF('Class 2C'!Q$6:Q$22, "BLANK") + COUNTIF('Class None'!Q$6:Q$10, "BLANK") | F12: =COUNTIF('Class 12C'!Q$6:Q$6, "AMBIG") + COUNTIF('Class 2A'!Q$6:Q$27, "AMBIG") + COUNTIF('Class 2B'!Q$6:Q$25, "AMBIG") + COUNTIF('Class 2C'!Q$6:Q$22, "AMBIG") + COUNTIF('Class None'!Q$6:Q$10, "AMBIG") | G12: =C12/(COUNTA('Class 12C'!B$6:B$6) + COUNTA('Class 2A'!B$6:B$27) + COUNTA('Class 2B'!B$6:B$25) + COUNTA('Class 2C'!B$6:B$22) + COUNTA('Class None'!B$6:B$10))
A13: Q10 | B13: D | C13: =COUNTIF('Class 12C'!R$6:R$6, "D") + COUNTIF('Class 2A'!R$6:R$27, "D") + COUNTIF('Class 2B'!R$6:R$25, "D") + COUNTIF('Class 2C'!R$6:R$22, "D") + COUNTIF('Class None'!R$6:R$10, "D") | D13: =(COUNTA('Class 12C'!B$6:B$6) + COUNTA('Class 2A'!B$6:B$27) + COUNTA('Class 2B'!B$6:B$25) + COUNTA('Class 2C'!B$6:B$22) + COUNTA('Class None'!B$6:B$10)) - C13 - E13 - F13 | E13: =COUNTIF('Class 12C'!R$6:R$6, "BLANK") + COUNTIF('Class 2A'!R$6:R$27, "BLANK") + COUNTIF('Class 2B'!R$6:R$25, "BLANK") + COUNTIF('Class 2C'!R$6:R$22, "BLANK") + COUNTIF('Class None'!R$6:R$10, "BLANK") | F13: =COUNTIF('Class 12C'!R$6:R$6, "AMBIG") + COUNTIF('Class 2A'!R$6:R$27, "AMBIG") + COUNTIF('Class 2B'!R$6:R$25, "AMBIG") + COUNTIF('Class 2C'!R$6:R$22, "AMBIG") + COUNTIF('Class None'!R$6:R$10, "AMBIG") | G13: =C13/(COUNTA('Class 12C'!B$6:B$6) + COUNTA('Class 2A'!B$6:B$27) + COUNTA('Class 2B'!B$6:B$25) + COUNTA('Class 2C'!B$6:B$22) + COUNTA('Class None'!B$6:B$10))
